,variable,values
0,count_Bus_stops_all,7201.0
1,mean_Bus_stops_all,38.47993334259131
2,std_Bus_stops_all,20.605249298715695
3,min_Bus_stops_all,0.0
4,25%_Bus_stops_all,24.0
5,50%_Bus_stops_all,35.0
6,75%_Bus_stops_all,48.0
7,max_Bus_stops_all,189.0
8,count_Train_stations_all,7201.0
9,mean_Train_stations_all,0.3200944313289821
10,std_Train_stations_all,0.6609318270217773
11,min_Train_stations_all,0.0
12,25%_Train_stations_all,0.0
13,50%_Train_stations_all,0.0
14,75%_Train_stations_all,1.0
15,max_Train_stations_all,12.0
16,count_metro_stations_all,7201.0
17,mean_metro_stations_all,0.12484377169837522
18,std_metro_stations_all,0.5679844297116418
19,min_metro_stations_all,0.0
20,25%_metro_stations_all,0.0
21,50%_metro_stations_all,0.0
22,75%_metro_stations_all,0.0
23,max_metro_stations_all,12.0
24,count_HH_owning_cars_perc_all,7201.0
25,mean_HH_owning_cars_perc_all,74.96085692442593
26,std_HH_owning_cars_perc_all,14.805854644672678
27,min_HH_owning_cars_perc_all,17.510216912920498
28,25%_HH_owning_cars_perc_all,66.484375
29,50%_HH_owning_cars_perc_all,78.1730769230769
30,75%_HH_owning_cars_perc_all,86.8431771894094
31,max_HH_owning_cars_perc_all,97.0784641068447
32,count_work_from_home_perc_all,7201.0
33,mean_work_from_home_perc_all,10.381327033961398
34,std_work_from_home_perc_all,4.826474381749274
35,min_work_from_home_perc_all,2.82655246252677
36,25%_work_from_home_perc_all,7.034728406055209
37,50%_work_from_home_perc_all,8.896121508001091
38,75%_work_from_home_perc_all,12.367384055774501
39,max_work_from_home_perc_all,37.591727818545706
40,count_underground_metro_perc_all,7201.0
41,mean_underground_metro_perc_all,3.36697186135025
42,std_underground_metro_perc_all,8.826857995396669
43,min_underground_metro_perc_all,0.0
44,25%_underground_metro_perc_all,0.0679809653297077
45,50%_underground_metro_perc_all,0.154978690430066
46,75%_underground_metro_perc_all,0.538760850044897
47,max_underground_metro_perc_all,55.726092089728496
48,count_train_perc_all,7201.0
49,mean_train_perc_all,4.705109023678096
50,std_train_perc_all,6.114003098940577
51,min_train_perc_all,0.0525210084033613
52,25%_train_perc_all,1.024377593361
53,50%_train_perc_all,2.33222275107092
54,75%_train_perc_all,5.74177529484792
55,max_train_perc_all,46.0285132382892
56,count_bus_perc_all,7201.0
57,mean_bus_perc_all,7.309412645231343
58,std_bus_perc_all,6.356014356710341
59,min_bus_perc_all,0.17367141368530703
60,25%_bus_perc_all,2.49110320284698
61,50%_bus_perc_all,5.3783284998681795
62,75%_bus_perc_all,10.130410130410098
63,max_bus_perc_all,45.5177551527191
64,count_taxi_perc_all,7201.0
65,mean_taxi_perc_all,0.5038060318777207
66,std_taxi_perc_all,0.49827262729128513
67,min_taxi_perc_all,0.0
68,25%_taxi_perc_all,0.18532246108228304
69,50%_taxi_perc_all,0.348712446351931
70,75%_taxi_perc_all,0.6430868167202571
71,max_taxi_perc_all,5.8715173842965696
72,count_motorcycle_perc_all,7201.0
73,mean_motorcycle_perc_all,0.7755693141301861
74,std_motorcycle_perc_all,0.40250201404846214
75,min_motorcycle_perc_all,0.0242483026188167
76,25%_motorcycle_perc_all,0.505050505050505
77,50%_motorcycle_perc_all,0.696969696969697
78,75%_motorcycle_perc_all,0.959581273626054
79,max_motorcycle_perc_all,4.01267159450898
80,count_bicycle_perc_all,7201.0
81,mean_bicycle_perc_all,2.681102136632034
82,std_bicycle_perc_all,2.6094338288509773
83,min_bicycle_perc_all,0.0806776926179911
84,25%_bicycle_perc_all,1.14467408585056
85,50%_bicycle_perc_all,1.87994722955145
86,75%_bicycle_perc_all,3.29313543599258
87,max_bicycle_perc_all,33.739166322740395
88,count_on_foot_perc_all,7201.0
89,mean_on_foot_perc_all,9.768107580916615
90,std_on_foot_perc_all,6.457068673297413
91,min_on_foot_perc_all,1.49513212795549
92,25%_on_foot_perc_all,5.33056420906888
93,50%_on_foot_perc_all,7.91011235955056
94,75%_on_foot_perc_all,12.098765432098801
95,max_on_foot_perc_all,51.3241409498796
96,count_other_perc_all,7201.0
97,mean_other_perc_all,0.4988306331760248
98,std_other_perc_all,0.30871581849539326
99,min_other_perc_all,0.0341763499658237
100,25%_other_perc_all,0.330231161813269
101,50%_other_perc_all,0.43778801843318
102,75%_other_perc_all,0.5799903334944421
103,max_other_perc_all,5.92206198220313
104,count_avg_time_from_origin_car_UNWEIGHTED_all,7201.0
105,mean_avg_time_from_origin_car_UNWEIGHTED_all,130.59102157343003
106,std_avg_time_from_origin_car_UNWEIGHTED_all,31.007921511497226
107,min_avg_time_from_origin_car_UNWEIGHTED_all,93.7562733576863
108,25%_avg_time_from_origin_car_UNWEIGHTED_all,107.624737219105
109,50%_avg_time_from_origin_car_UNWEIGHTED_all,123.443393942939
110,75%_avg_time_from_origin_car_UNWEIGHTED_all,143.197177845299
111,max_avg_time_from_origin_car_UNWEIGHTED_all,451.015245206761
112,count_avg_time_car_all,7201.0
113,mean_avg_time_car_all,12.017846392541097
114,std_avg_time_car_all,3.5106093756804597
115,min_avg_time_car_all,4.9635083168381
116,25%_avg_time_car_all,9.595475365450339
117,50%_avg_time_car_all,11.205226489759
118,75%_avg_time_car_all,13.592524345511
119,max_avg_time_car_all,64.2336065824885
120,count_avg_time_from_origin_bus_UNWEIGHTED_all,7201.0
121,mean_avg_time_from_origin_bus_UNWEIGHTED_all,287.7373165954045
122,std_avg_time_from_origin_bus_UNWEIGHTED_all,62.516603979866694
123,min_avg_time_from_origin_bus_UNWEIGHTED_all,186.393862106666
124,25%_avg_time_from_origin_bus_UNWEIGHTED_all,241.643743878184
125,50%_avg_time_from_origin_bus_UNWEIGHTED_all,273.252282041841
126,75%_avg_time_from_origin_bus_UNWEIGHTED_all,321.46523565861696
127,max_avg_time_from_origin_bus_UNWEIGHTED_all,716.4591599320531
128,count_avg_time_bus_all,7201.0
129,mean_avg_time_bus_all,28.790734790135648
130,std_avg_time_bus_all,9.827287965086551
131,min_avg_time_bus_all,9.32126891525424
132,25%_avg_time_bus_all,22.9195907191617
133,50%_avg_time_bus_all,27.0041064537037
134,75%_avg_time_bus_all,32.1220608619048
135,max_avg_time_bus_all,115.17637166666701
136,count_avg_time_from_origin_rail_UNWEIGHTED_all,7201.0
137,mean_avg_time_from_origin_rail_UNWEIGHTED_all,157.36110997361945
138,std_avg_time_from_origin_rail_UNWEIGHTED_all,41.1686361626179
139,min_avg_time_from_origin_rail_UNWEIGHTED_all,101.793289397689
140,25%_avg_time_from_origin_rail_UNWEIGHTED_all,127.907208436509
141,50%_avg_time_from_origin_rail_UNWEIGHTED_all,147.594085684391
142,75%_avg_time_from_origin_rail_UNWEIGHTED_all,175.66506868475898
143,max_avg_time_from_origin_rail_UNWEIGHTED_all,437.66920397394796
144,count_avg_time_rail_all,6601.0
145,mean_avg_time_rail_all,67.695957226732
146,std_avg_time_rail_all,54.48350822839303
147,min_avg_time_rail_all,0.55493826
148,25%_avg_time_rail_all,25.1029140092348
149,50%_avg_time_rail_all,51.1592
150,75%_avg_time_rail_all,94.952232
151,max_avg_time_rail_all,346.818133333333
152,count_car_perc_all,7201.0
153,mean_car_perc_all,60.00976373904637
154,std_car_perc_all,16.49191802492391
155,min_car_perc_all,3.05120167189133
156,25%_car_perc_all,54.5084533500313
157,50%_car_perc_all,65.1075771749298
158,75%_car_perc_all,71.10474827010259
159,max_car_perc_all,84.1677588466579
160,count_is_urban_all,7201.0
161,mean_is_urban_all,0.8158589084849327
162,std_is_urban_all,0.3876261286935991
163,min_is_urban_all,0.0
164,25%_is_urban_all,1.0
165,50%_is_urban_all,1.0
166,75%_is_urban_all,1.0
167,max_is_urban_all,1.0
168,count_public_transport_all,7201.0
169,mean_public_transport_all,15.38149353025969
170,std_public_transport_all,14.953138205129875
171,min_public_transport_all,0.744047619047619
172,25%_public_transport_all,5.615874204417816
173,50%_public_transport_all,9.992758870383781
174,75%_public_transport_all,18.146183998155358
175,max_public_transport_all,74.62533360706222
176,count_people_power_all,7201.0
177,mean_people_power_all,12.449209717548648
178,std_people_power_all,7.635432706762147
179,min_people_power_all,2.019363762102356
180,25%_people_power_all,7.076739325171699
181,50%_people_power_all,10.281425891181991
182,75%_people_power_all,15.510434292160213
183,max_people_power_all,53.8021978021979
184,count_Bus_stops_urban,5875.0
185,mean_Bus_stops_urban,36.374978723404254
186,std_Bus_stops_urban,18.907643037908013
187,min_Bus_stops_urban,0.0
188,25%_Bus_stops_urban,23.0
189,50%_Bus_stops_urban,33.0
190,75%_Bus_stops_urban,46.0
191,max_Bus_stops_urban,189.0
192,count_Train_stations_urban,5875.0
193,mean_Train_stations_urban,0.27795744680851064
194,std_Train_stations_urban,0.5652963898729665
195,min_Train_stations_urban,0.0
196,25%_Train_stations_urban,0.0
197,50%_Train_stations_urban,0.0
198,75%_Train_stations_urban,0.0
199,max_Train_stations_urban,8.0
200,count_metro_stations_urban,5875.0
201,mean_metro_stations_urban,0.12885106382978723
202,std_metro_stations_urban,0.5674552002315154
203,min_metro_stations_urban,0.0
204,25%_metro_stations_urban,0.0
205,50%_metro_stations_urban,0.0
206,75%_metro_stations_urban,0.0
207,max_metro_stations_urban,12.0
208,count_HH_owning_cars_perc_urban,5875.0
209,mean_HH_owning_cars_perc_urban,72.05151140895323
210,std_HH_owning_cars_perc_urban,14.659857683801434
211,min_HH_owning_cars_perc_urban,17.510216912920498
212,25%_HH_owning_cars_perc_urban,63.42349777818675
213,50%_HH_owning_cars_perc_urban,74.9219858156028
214,75%_HH_owning_cars_perc_urban,83.44728905238816
215,max_HH_owning_cars_perc_urban,97.0784641068447
216,count_work_from_home_perc_urban,5875.0
217,mean_work_from_home_perc_urban,8.92744858666295
218,std_work_from_home_perc_urban,3.1285266110094962
219,min_work_from_home_perc_urban,2.82655246252677
220,25%_work_from_home_perc_urban,6.73999153786455
221,50%_work_from_home_perc_urban,8.206599713055951
222,75%_work_from_home_perc_urban,10.306139211418849
223,max_work_from_home_perc_urban,37.591727818545706
224,count_underground_metro_perc_urban,5875.0
225,mean_underground_metro_perc_urban,4.074324226785775
226,std_underground_metro_perc_urban,9.624895521298365
227,min_underground_metro_perc_urban,0.0
228,25%_underground_metro_perc_urban,0.06801566129704165
229,50%_underground_metro_perc_urban,0.16970070965751302
230,75%_underground_metro_perc_urban,0.9865713578336255
231,max_underground_metro_perc_urban,55.726092089728496
232,count_train_perc_urban,5875.0
233,mean_train_perc_urban,5.1696661193421605
234,std_train_perc_urban,6.500105555875513
235,min_train_perc_urban,0.0525210084033613
236,25%_train_perc_urban,1.15238832960272
237,50%_train_perc_urban,2.66708503294634
238,75%_train_perc_urban,6.2952596770145
239,max_train_perc_urban,46.0285132382892
240,count_bus_perc_urban,5875.0
241,mean_bus_perc_urban,8.414914581054818
242,std_bus_perc_urban,6.487869393507878
243,min_bus_perc_urban,0.36144578313253
244,25%_bus_perc_urban,3.5677638552067
245,50%_bus_perc_urban,6.734059097978231
246,75%_bus_perc_urban,11.3920482948297
247,max_bus_perc_urban,45.5177551527191
248,count_taxi_perc_urban,5875.0
249,mean_taxi_perc_urban,0.5768939429834234
250,std_taxi_perc_urban,0.5182314282811014
251,min_taxi_perc_urban,0.0
252,25%_taxi_perc_urban,0.2427479098753825
253,50%_taxi_perc_urban,0.42092603728202
254,75%_taxi_perc_urban,0.7320069625970245
255,max_taxi_perc_urban,5.8715173842965696
256,count_motorcycle_perc_urban,5875.0
257,mean_motorcycle_perc_urban,0.7924216548213004
258,std_motorcycle_perc_urban,0.42027974900495046
259,min_motorcycle_perc_urban,0.0242483026188167
260,25%_motorcycle_perc_urban,0.5061997317383495
261,50%_motorcycle_perc_urban,0.7042253521126759
262,75%_motorcycle_perc_urban,0.9888615107300784
263,max_motorcycle_perc_urban,4.01267159450898
264,count_bicycle_perc_urban,5875.0
265,mean_bicycle_perc_urban,2.9278502435462364
266,std_bicycle_perc_urban,2.7711972674205474
267,min_bicycle_perc_urban,0.0806776926179911
268,25%_bicycle_perc_urban,1.25259866120762
269,50%_bicycle_perc_urban,2.1108179419525097
270,75%_bicycle_perc_urban,3.65401417846025
271,max_bicycle_perc_urban,33.739166322740395
272,count_on_foot_perc_urban,5875.0
273,mean_on_foot_perc_urban,10.519660612043696
274,std_on_foot_perc_urban,6.635535881962023
275,min_on_foot_perc_urban,1.90380761523046
276,25%_on_foot_perc_urban,5.983878411576355
277,50%_on_foot_perc_urban,8.6425902864259
278,75%_on_foot_perc_urban,12.9256895126961
279,max_on_foot_perc_urban,51.3241409498796
280,count_other_perc_urban,5875.0
281,mean_other_perc_urban,0.4930694548497452
282,std_other_perc_urban,0.3073102492198133
283,min_other_perc_urban,0.0341763499658237
284,25%_other_perc_urban,0.3253091047934615
285,50%_other_perc_urban,0.42972699696663297
286,75%_other_perc_urban,0.5708960581997544
287,max_other_perc_urban,5.776430736316629
288,count_avg_time_from_origin_car_UNWEIGHTED_urban,5875.0
289,mean_avg_time_from_origin_car_UNWEIGHTED_urban,127.53497245260705
290,std_avg_time_from_origin_car_UNWEIGHTED_urban,28.298385477899938
291,min_avg_time_from_origin_car_UNWEIGHTED_urban,94.0330524390085
292,25%_avg_time_from_origin_car_UNWEIGHTED_urban,106.87216849527002
293,50%_avg_time_from_origin_car_UNWEIGHTED_urban,120.718468195166
294,75%_avg_time_from_origin_car_UNWEIGHTED_urban,138.7094413794125
295,max_avg_time_from_origin_car_UNWEIGHTED_urban,287.76937491245604
296,count_avg_time_car_urban,5875.0
297,mean_avg_time_car_urban,10.96944009254973
298,std_avg_time_car_urban,2.375945443875651
299,min_avg_time_car_urban,4.9635083168381
300,25%_avg_time_car_urban,9.290104160451865
301,50%_avg_time_car_urban,10.6147632198664
302,75%_avg_time_car_urban,12.265319230237449
303,max_avg_time_car_urban,39.564784132612
304,count_avg_time_from_origin_bus_UNWEIGHTED_urban,5875.0
305,mean_avg_time_from_origin_bus_UNWEIGHTED_urban,284.2263249765616
306,std_avg_time_from_origin_bus_UNWEIGHTED_urban,57.64989432274194
307,min_avg_time_from_origin_bus_UNWEIGHTED_urban,188.317259712055
308,25%_avg_time_from_origin_bus_UNWEIGHTED_urban,241.34728996441498
309,50%_avg_time_from_origin_bus_UNWEIGHTED_urban,271.208068878239
310,75%_avg_time_from_origin_bus_UNWEIGHTED_urban,316.53589149403547
311,max_avg_time_from_origin_bus_UNWEIGHTED_urban,558.300082901903
312,count_avg_time_bus_urban,5875.0
313,mean_avg_time_bus_urban,26.89411333200894
314,std_avg_time_bus_urban,7.18630307200553
315,min_avg_time_bus_urban,9.32126891525424
316,25%_avg_time_bus_urban,22.43242857844715
317,50%_avg_time_bus_urban,26.135001559302303
318,75%_avg_time_bus_urban,30.244214560408203
319,max_avg_time_bus_urban,80.13548692307691
320,count_avg_time_from_origin_rail_UNWEIGHTED_urban,5875.0
321,mean_avg_time_from_origin_rail_UNWEIGHTED_urban,150.978190492122
322,std_avg_time_from_origin_rail_UNWEIGHTED_urban,35.46892016078022
323,min_avg_time_from_origin_rail_UNWEIGHTED_urban,101.793289397689
324,25%_avg_time_from_origin_rail_UNWEIGHTED_urban,125.089578937231
325,50%_avg_time_from_origin_rail_UNWEIGHTED_urban,143.01534099122298
326,75%_avg_time_from_origin_rail_UNWEIGHTED_urban,167.52039065666548
327,max_avg_time_from_origin_rail_UNWEIGHTED_urban,365.50998015777003
328,count_avg_time_rail_urban,5379.0
329,mean_avg_time_rail_urban,58.076073398366525
330,std_avg_time_rail_urban,47.147009718234955
331,min_avg_time_rail_urban,0.55493826
332,25%_avg_time_rail_urban,22.4749691732459
333,50%_avg_time_rail_urban,42.228382
334,75%_avg_time_rail_urban,80.866262125
335,max_avg_time_rail_urban,324.34622
336,count_car_perc_urban,5875.0
337,mean_car_perc_urban,58.103750577909885
338,std_car_perc_urban,17.428149873741
339,min_car_perc_urban,3.05120167189133
340,25%_car_perc_urban,51.1392302134188
341,50%_car_perc_urban,63.61651015505571
342,75%_car_perc_urban,70.39504848814805
343,max_car_perc_urban,84.1677588466579
344,count_is_urban_urban,5875.0
345,mean_is_urban_urban,1.0
346,std_is_urban_urban,0.0
347,min_is_urban_urban,1.0
348,25%_is_urban_urban,1.0
349,50%_is_urban_urban,1.0
350,75%_is_urban_urban,1.0
351,max_is_urban_urban,1.0
352,count_public_transport_urban,5875.0
353,mean_public_transport_urban,17.65890492718271
354,std_public_transport_urban,15.586577672178782
355,min_public_transport_urban,1.083372585963259
356,25%_public_transport_urban,7.188177048744001
357,50%_public_transport_urban,11.756115370573202
358,75%_public_transport_urban,21.466823461205337
359,max_public_transport_urban,74.62533360706222
360,count_people_power_urban,5875.0
361,mean_people_power_urban,13.44751085558988
362,std_people_power_urban,7.8112002311155555
363,min_people_power_urban,2.301614565441433
364,25%_people_power_urban,8.031183723231056
365,50%_people_power_urban,11.34583432233564
366,75%_people_power_urban,16.551915111281346
367,max_people_power_urban,53.8021978021979
368,count_Bus_stops_rural,1326.0
369,mean_Bus_stops_rural,47.80618401206637
370,std_Bus_stops_rural,24.810758306969756
371,min_Bus_stops_rural,0.0
372,25%_Bus_stops_rural,30.0
373,50%_Bus_stops_rural,44.0
374,75%_Bus_stops_rural,60.0
375,max_Bus_stops_rural,184.0
376,count_Train_stations_rural,1326.0
377,mean_Train_stations_rural,0.5067873303167421
378,std_Train_stations_rural,0.9561869691752176
379,min_Train_stations_rural,0.0
380,25%_Train_stations_rural,0.0
381,50%_Train_stations_rural,0.0
382,75%_Train_stations_rural,1.0
383,max_Train_stations_rural,12.0
384,count_metro_stations_rural,1326.0
385,mean_metro_stations_rural,0.10708898944193061
386,std_metro_stations_rural,0.5701991466074693
387,min_metro_stations_rural,0.0
388,25%_metro_stations_rural,0.0
389,50%_metro_stations_rural,0.0
390,75%_metro_stations_rural,0.0
391,max_metro_stations_rural,8.0
392,count_HH_owning_cars_perc_rural,1326.0
393,mean_HH_owning_cars_perc_rural,87.85105670074799
394,std_HH_owning_cars_perc_rural,5.885321634606113
395,min_HH_owning_cars_perc_rural,50.252780586450996
396,25%_HH_owning_cars_perc_rural,85.74720450923397
397,50%_HH_owning_cars_perc_rural,89.56902437421604
398,75%_HH_owning_cars_perc_rural,91.87687108803686
399,max_HH_owning_cars_perc_rural,96.24773960216999
400,count_work_from_home_perc_rural,1326.0
401,mean_work_from_home_perc_rural,16.822907635679645
402,std_work_from_home_perc_rural,5.682862947379617
403,min_work_from_home_perc_rural,4.88445378151261
404,25%_work_from_home_perc_rural,12.849733878819325
405,50%_work_from_home_perc_rural,16.177106985906846
406,75%_work_from_home_perc_rural,20.2390353113724
407,max_work_from_home_perc_rural,36.4678899082569
408,count_underground_metro_perc_rural,1326.0
409,mean_underground_metro_perc_rural,0.23296345491456388
410,std_underground_metro_perc_rural,0.8027768580248167
411,min_underground_metro_perc_rural,0.0
412,25%_underground_metro_perc_rural,0.0677621606724542
413,50%_underground_metro_perc_rural,0.12142677225338401
414,75%_underground_metro_perc_rural,0.2022774449610775
415,max_underground_metro_perc_rural,21.120984278879
416,count_train_perc_rural,1326.0
417,mean_train_perc_rural,2.6468338072178037
418,std_train_perc_rural,3.259052479317825
419,min_train_perc_rural,0.0580888759802498
420,25%_train_perc_rural,0.6919362601025391
421,50%_train_perc_rural,1.3769837187993401
422,75%_train_perc_rural,3.0644262666111555
423,max_train_perc_rural,23.9255014326648
424,count_bus_perc_rural,1326.0
425,mean_bus_perc_rural,2.4113554258022614
426,std_bus_perc_rural,1.8691349829788384
427,min_bus_perc_rural,0.17367141368530703
428,25%_bus_perc_rural,1.18217121385133
429,50%_bus_perc_rural,1.821655108606865
430,75%_bus_perc_rural,2.9558044531293923
431,max_bus_perc_rural,14.440203562341
432,count_taxi_perc_rural,1326.0
433,mean_taxi_perc_rural,0.17998138802703958
434,std_taxi_perc_rural,0.17289912510690522
435,min_taxi_perc_rural,0.0
436,25%_taxi_perc_rural,0.0883442103909971
437,50%_taxi_perc_rural,0.14179370799845198
438,75%_taxi_perc_rural,0.2201552594133538
439,max_taxi_perc_rural,2.81973816717019
440,count_motorcycle_perc_rural,1326.0
441,mean_motorcycle_perc_rural,0.7009030233607302
442,std_motorcycle_perc_rural,0.3007427991080796
443,min_motorcycle_perc_rural,0.0367376928728876
444,25%_motorcycle_perc_rural,0.4998561792354427
445,50%_motorcycle_perc_rural,0.659883659371221
446,75%_motorcycle_perc_rural,0.8511068504100097
447,max_motorcycle_perc_rural,2.7435387673956297
448,count_bicycle_perc_rural,1326.0
449,mean_bicycle_perc_rural,1.5878554336750559
450,std_bicycle_perc_rural,1.2204984861798296
451,min_bicycle_perc_rural,0.146520146520147
452,25%_bicycle_perc_rural,0.8416149772485875
453,50%_bicycle_perc_rural,1.284596874618575
454,75%_bicycle_perc_rural,1.9291793361942975
455,max_bicycle_perc_rural,13.913690476190501
456,count_on_foot_perc_rural,1326.0
457,mean_on_foot_perc_rural,6.438262891722372
458,std_on_foot_perc_rural,4.214960262095342
459,min_on_foot_perc_rural,1.49513212795549
460,25%_on_foot_perc_rural,3.782259018019993
461,50%_on_foot_perc_rural,5.047370627187685
462,75%_on_foot_perc_rural,7.5261641277019855
463,max_on_foot_perc_rural,31.1155913978495
464,count_other_perc_rural,1326.0
465,mean_other_perc_rural,0.5243562158810743
466,std_other_perc_rural,0.31371442302346264
467,min_other_perc_rural,0.0597907324364724
468,25%_other_perc_rural,0.3520159973802743
469,50%_other_perc_rural,0.471976442249584
470,75%_other_perc_rural,0.6143626579502237
471,max_other_perc_rural,5.92206198220313
472,count_avg_time_from_origin_car_UNWEIGHTED_rural,1326.0
473,mean_avg_time_from_origin_car_UNWEIGHTED_rural,144.1312090431405
474,std_avg_time_from_origin_car_UNWEIGHTED_rural,38.075118361133086
475,min_avg_time_from_origin_car_UNWEIGHTED_rural,93.7562733576863
476,25%_avg_time_from_origin_car_UNWEIGHTED_rural,115.565101651764
477,50%_avg_time_from_origin_car_UNWEIGHTED_rural,136.5714707704835
478,75%_avg_time_from_origin_car_UNWEIGHTED_rural,163.548608054739
479,max_avg_time_from_origin_car_UNWEIGHTED_rural,451.015245206761
480,count_avg_time_car_rural,1326.0
481,mean_avg_time_car_rural,16.662934637223977
482,std_avg_time_car_rural,3.934143794674637
483,min_avg_time_car_rural,8.883959200329722
484,25%_avg_time_car_rural,13.977649012309849
485,50%_avg_time_car_rural,16.011803258867403
486,75%_avg_time_car_rural,18.69708376286285
487,max_avg_time_car_rural,64.2336065824885
488,count_avg_time_from_origin_bus_UNWEIGHTED_rural,1326.0
489,mean_avg_time_from_origin_bus_UNWEIGHTED_rural,303.29318066833
490,std_avg_time_from_origin_bus_UNWEIGHTED_rural,78.78488743692363
491,min_avg_time_from_origin_bus_UNWEIGHTED_rural,186.393862106666
492,25%_avg_time_from_origin_bus_UNWEIGHTED_rural,243.97387380725925
493,50%_avg_time_from_origin_bus_UNWEIGHTED_rural,286.536950970546
494,75%_avg_time_from_origin_bus_UNWEIGHTED_rural,349.54424630105905
495,max_avg_time_from_origin_bus_UNWEIGHTED_rural,716.4591599320531
496,count_avg_time_bus_rural,1326.0
497,mean_avg_time_bus_rural,37.193940722634956
498,std_avg_time_bus_rural,14.464691094482474
499,min_avg_time_bus_rural,12.325975375757599
500,25%_avg_time_bus_rural,27.3323756296976
501,50%_avg_time_bus_rural,34.38713121823345
502,75%_avg_time_bus_rural,43.4415734034205
503,max_avg_time_bus_rural,115.17637166666701
504,count_avg_time_from_origin_rail_UNWEIGHTED_rural,1326.0
505,mean_avg_time_from_origin_rail_UNWEIGHTED_rural,185.641390481761
506,std_avg_time_from_origin_rail_UNWEIGHTED_rural,51.49359665008934
507,min_avg_time_from_origin_rail_UNWEIGHTED_rural,116.393884736717
508,25%_avg_time_from_origin_rail_UNWEIGHTED_rural,148.42868161561975
509,50%_avg_time_from_origin_rail_UNWEIGHTED_rural,171.38639860622752
510,75%_avg_time_from_origin_rail_UNWEIGHTED_rural,211.11268492075402
511,max_avg_time_from_origin_rail_UNWEIGHTED_rural,437.66920397394796
512,count_avg_time_rail_rural,1222.0
513,mean_avg_time_rail_rural,110.04076501133038
514,std_avg_time_rail_rural,63.66129050294099
515,min_avg_time_rail_rural,1.68593
516,25%_avg_time_rail_rural,62.563021999999975
517,50%_avg_time_rail_rural,97.05308915
518,75%_avg_time_rail_rural,144.19554324999976
519,max_avg_time_rail_rural,346.818133333333
520,count_car_perc_rural,1326.0
521,mean_car_perc_rural,68.45458072371943
522,std_car_perc_rural,6.627685084143089
523,min_car_perc_rural,20.7589285714286
524,25%_car_perc_rural,64.34447318219567
525,50%_car_perc_rural,69.27853764192659
526,75%_car_perc_rural,73.21320280906153
527,max_car_perc_rural,82.381066220416
528,count_is_urban_rural,1326.0
529,mean_is_urban_rural,0.0
530,std_is_urban_rural,0.0
531,min_is_urban_rural,0.0
532,25%_is_urban_rural,0.0
533,50%_is_urban_rural,0.0
534,75%_is_urban_rural,0.0
535,max_is_urban_rural,0.0
536,count_public_transport_rural,1326.0
537,mean_public_transport_rural,5.291152687934629
538,std_public_transport_rural,3.6215192717418443
539,min_public_transport_rural,0.744047619047619
540,25%_public_transport_rural,2.7982832178191037
541,50%_public_transport_rural,4.114722428965457
542,75%_public_transport_rural,6.741285507667503
543,max_public_transport_rural,26.39684813753586
544,count_people_power_rural,1326.0
545,mean_people_power_rural,8.026118325397437
546,std_people_power_rural,4.723366271047335
547,min_people_power_rural,2.019363762102356
548,25%_people_power_rural,4.999259889180461
549,50%_people_power_rural,6.615034662836425
550,75%_people_power_rural,9.400864438566783
551,max_people_power_rural,39.5833333333334
552,count_Bus_stops_london,978.0
553,mean_Bus_stops_london,20.968302658486706
554,std_Bus_stops_london,12.708849638842013
555,min_Bus_stops_london,0.0
556,25%_Bus_stops_london,13.0
557,50%_Bus_stops_london,19.0
558,75%_Bus_stops_london,26.0
559,max_Bus_stops_london,168.0
560,count_Train_stations_london,978.0
561,mean_Train_stations_london,0.3834355828220859
562,std_Train_stations_london,0.7511244770218144
563,min_Train_stations_london,0.0
564,25%_Train_stations_london,0.0
565,50%_Train_stations_london,0.0
566,75%_Train_stations_london,1.0
567,max_Train_stations_london,8.0
568,count_metro_stations_london,978.0
569,mean_metro_stations_london,0.3486707566462168
570,std_metro_stations_london,0.8144694991085547
571,min_metro_stations_london,0.0
572,25%_metro_stations_london,0.0
573,50%_metro_stations_london,0.0
574,75%_metro_stations_london,0.0
575,max_metro_stations_london,12.0
576,count_HH_owning_cars_perc_london,978.0
577,mean_HH_owning_cars_perc_london,59.45800401381289
578,std_HH_owning_cars_perc_london,17.14997925262532
579,min_HH_owning_cars_perc_london,17.510216912920498
580,25%_HH_owning_cars_perc_london,44.93504629787815
581,50%_HH_owning_cars_perc_london,61.07508904625965
582,75%_HH_owning_cars_perc_london,74.04549764185347
583,max_HH_owning_cars_perc_london,92.2705314009662
584,count_work_from_home_perc_london,978.0
585,mean_work_from_home_perc_london,9.579841869640386
586,std_work_from_home_perc_london,3.0653060807287087
587,min_work_from_home_perc_london,4.95975071410023
588,25%_work_from_home_perc_london,7.417837686838492
589,50%_work_from_home_perc_london,8.71855657405931
590,75%_work_from_home_perc_london,10.80172216967285
591,max_work_from_home_perc_london,28.1602578862537
592,count_underground_metro_perc_london,978.0
593,mean_underground_metro_perc_london,21.245425738577868
594,std_underground_metro_perc_london,13.416000013728869
595,min_underground_metro_perc_london,0.7740324594257181
596,25%_underground_metro_perc_london,9.21319745721258
597,50%_underground_metro_perc_london,20.763518722322353
598,75%_underground_metro_perc_london,31.377202909196825
599,max_underground_metro_perc_london,55.726092089728496
600,count_train_perc_london,978.0
601,mean_train_perc_london,12.861924510200632
602,std_train_perc_london,9.418261122218727
603,min_train_perc_london,1.82627019433388
604,25%_train_perc_london,5.540938727120127
605,50%_train_perc_london,9.098800023172835
606,75%_train_perc_london,18.860964104873773
607,max_train_perc_london,46.0285132382892
608,count_bus_perc_london,978.0
609,mean_bus_perc_london,13.751942556701659
610,std_bus_perc_london,7.2844962022015105
611,min_bus_perc_london,1.9281663516068102
612,25%_bus_perc_london,8.38058254717636
613,50%_bus_perc_london,12.248142950056451
614,75%_bus_perc_london,17.911381061772524
615,max_bus_perc_london,45.5177551527191
616,count_taxi_perc_london,978.0
617,mean_taxi_perc_london,0.4725544278586553
618,std_taxi_perc_london,0.4552467962678383
619,min_taxi_perc_london,0.0
620,25%_taxi_perc_london,0.22640533307085126
621,50%_taxi_perc_london,0.346017434422819
622,75%_taxi_perc_london,0.5477985042999746
623,max_taxi_perc_london,5.8715173842965696
624,count_motorcycle_perc_london,978.0
625,mean_motorcycle_perc_london,1.0735233385782914
626,std_motorcycle_perc_london,0.5175057016623019
627,min_motorcycle_perc_london,0.14140938015555
628,25%_motorcycle_perc_london,0.731128270058248
629,50%_motorcycle_perc_london,0.9886493767997425
630,75%_motorcycle_perc_london,1.3236369464424425
631,max_motorcycle_perc_london,4.01267159450898
632,count_bicycle_perc_london,978.0
633,mean_bicycle_perc_london,3.693895965085142
634,std_bicycle_perc_london,3.2351703823543554
635,min_bicycle_perc_london,0.12722646310432598
636,25%_bicycle_perc_london,1.2343427251393875
637,50%_bicycle_perc_london,2.52418465376131
638,75%_bicycle_perc_london,5.48807199142877
639,max_bicycle_perc_london,20.6119162640902
640,count_on_foot_perc_london,978.0
641,mean_on_foot_perc_london,8.06773535464926
642,std_on_foot_perc_london,5.309790039874411
643,min_on_foot_perc_london,1.95809000343525
644,25%_on_foot_perc_london,5.0723097306570795
645,50%_on_foot_perc_london,6.537693463884116
646,75%_on_foot_perc_london,8.938685963622113
647,max_on_foot_perc_london,45.642633228840104
648,count_other_perc_london,978.0
649,mean_other_perc_london,0.5175456515232082
650,std_other_perc_london,0.3054681375417115
651,min_other_perc_london,0.0995272455834785
652,25%_other_perc_london,0.37439163112493196
653,50%_other_perc_london,0.473943038567777
654,75%_other_perc_london,0.584795321637427
655,max_other_perc_london,5.776430736316629
656,count_avg_time_from_origin_car_UNWEIGHTED_london,978.0
657,mean_avg_time_from_origin_car_UNWEIGHTED_london,109.03388009290084
658,std_avg_time_from_origin_car_UNWEIGHTED_london,3.793464366403626
659,min_avg_time_from_origin_car_UNWEIGHTED_london,102.67318432033599
660,25%_avg_time_from_origin_car_UNWEIGHTED_london,105.97367910771875
661,50%_avg_time_from_origin_car_UNWEIGHTED_london,108.179348728967
662,75%_avg_time_from_origin_car_UNWEIGHTED_london,111.719781009378
663,max_avg_time_from_origin_car_UNWEIGHTED_london,119.890936075821
664,count_avg_time_car_london,978.0
665,mean_avg_time_car_london,9.394646159315979
666,std_avg_time_car_london,1.784060457575133
667,min_avg_time_car_london,4.9635083168381
668,25%_avg_time_car_london,8.267693898699639
669,50%_avg_time_car_london,9.020238826798765
670,75%_avg_time_car_london,10.119612976465449
671,max_avg_time_car_london,24.7047493776336
672,count_avg_time_from_origin_bus_UNWEIGHTED_london,978.0
673,mean_avg_time_from_origin_bus_UNWEIGHTED_london,247.2922451323988
674,std_avg_time_from_origin_bus_UNWEIGHTED_london,15.547312703133642
675,min_avg_time_from_origin_bus_UNWEIGHTED_london,209.982256563992
676,25%_avg_time_from_origin_bus_UNWEIGHTED_london,235.28151695144055
677,50%_avg_time_from_origin_bus_UNWEIGHTED_london,245.2431890774925
678,75%_avg_time_from_origin_bus_UNWEIGHTED_london,258.7685679272322
679,max_avg_time_from_origin_bus_UNWEIGHTED_london,287.73095516724203
680,count_avg_time_bus_london,978.0
681,mean_avg_time_bus_london,28.604148805409974
682,std_avg_time_bus_london,4.427374910282638
683,min_avg_time_bus_london,13.204665819502099
684,25%_avg_time_bus_london,25.511329421200127
685,50%_avg_time_bus_london,28.38684798124875
686,75%_avg_time_bus_london,31.697023094904672
687,max_avg_time_bus_london,45.7206680932526
688,count_avg_time_from_origin_rail_UNWEIGHTED_london,978.0
689,mean_avg_time_from_origin_rail_UNWEIGHTED_london,115.25406725623992
690,std_avg_time_from_origin_rail_UNWEIGHTED_london,6.3980039824519155
691,min_avg_time_from_origin_rail_UNWEIGHTED_london,101.793289397689
692,25%_avg_time_from_origin_rail_UNWEIGHTED_london,110.40133052220651
693,50%_avg_time_from_origin_rail_UNWEIGHTED_london,114.5153150409495
694,75%_avg_time_from_origin_rail_UNWEIGHTED_london,119.63955040547576
695,max_avg_time_from_origin_rail_UNWEIGHTED_london,134.425120104208
696,count_avg_time_rail_london,978.0
697,mean_avg_time_rail_london,21.330039523372886
698,std_avg_time_rail_london,5.455541231419111
699,min_avg_time_rail_london,10.510836181823802
700,25%_avg_time_rail_london,17.164083146942975
701,50%_avg_time_rail_london,20.94823328579495
702,75%_avg_time_rail_london,25.212960214003825
703,max_avg_time_rail_london,38.418502333333294
704,count_car_perc_london,978.0
705,mean_car_perc_london,28.735610587184798
706,std_car_perc_london,15.046751366761455
707,min_car_perc_london,3.05120167189133
708,25%_car_perc_london,14.554155170042902
709,50%_car_perc_london,27.32472253330055
710,75%_car_perc_london,41.79387283834858
711,max_car_perc_london,64.00529333921479
712,count_is_urban_london,978.0
713,mean_is_urban_london,1.0
714,std_is_urban_london,0.0
715,min_is_urban_london,1.0
716,25%_is_urban_london,1.0
717,50%_is_urban_london,1.0
718,75%_is_urban_london,1.0
719,max_is_urban_london,1.0
720,count_public_transport_london,978.0
721,mean_public_transport_london,47.85929280548011
722,std_public_transport_london,11.494877880289266
723,min_public_transport_london,17.98790194205663
724,25%_public_transport_london,38.64422774457378
725,50%_public_transport_london,48.61756767952335
726,75%_public_transport_london,57.03734774505908
727,max_public_transport_london,74.62533360706222
728,count_people_power_london,978.0
729,mean_people_power_london,11.761631319734404
730,std_people_power_london,7.038278864239062
731,min_people_power_london,2.301614565441433
732,25%_people_power_london,6.9543087121212075
733,50%_people_power_london,9.618593687037748
734,75%_people_power_london,14.10711989682982
735,max_people_power_london,50.72100313479621
736,count_Bus_stops_birmingham,135.0
737,mean_Bus_stops_birmingham,33.577777777777776
738,std_Bus_stops_birmingham,16.42462051932951
739,min_Bus_stops_birmingham,9.0
740,25%_Bus_stops_birmingham,23.0
741,50%_Bus_stops_birmingham,31.0
742,75%_Bus_stops_birmingham,40.5
743,max_Bus_stops_birmingham,127.0
744,count_Train_stations_birmingham,135.0
745,mean_Train_stations_birmingham,0.22962962962962963
746,std_Train_stations_birmingham,0.5174671485822084
747,min_Train_stations_birmingham,0.0
748,25%_Train_stations_birmingham,0.0
749,50%_Train_stations_birmingham,0.0
750,75%_Train_stations_birmingham,0.0
751,max_Train_stations_birmingham,2.0
752,count_metro_stations_birmingham,135.0
753,mean_metro_stations_birmingham,0.0962962962962963
754,std_metro_stations_birmingham,0.6450046172931352
755,min_metro_stations_birmingham,0.0
756,25%_metro_stations_birmingham,0.0
757,50%_metro_stations_birmingham,0.0
758,75%_metro_stations_birmingham,0.0
759,max_metro_stations_birmingham,7.0
760,count_HH_owning_cars_perc_birmingham,135.0
761,mean_HH_owning_cars_perc_birmingham,63.35133914697162
762,std_HH_owning_cars_perc_birmingham,11.771006631036405
763,min_HH_owning_cars_perc_birmingham,33.3545918367347
764,25%_HH_owning_cars_perc_birmingham,55.57827156062619
765,50%_HH_owning_cars_perc_birmingham,61.7367290579932
766,75%_HH_owning_cars_perc_birmingham,73.05643481441845
767,max_HH_owning_cars_perc_birmingham,92.4610051993068
768,count_work_from_home_perc_birmingham,135.0
769,mean_work_from_home_perc_birmingham,7.299399557428264
770,std_work_from_home_perc_birmingham,1.5631772953649166
771,min_work_from_home_perc_birmingham,3.8315789473684196
772,25%_work_from_home_perc_birmingham,6.29182455620397
773,50%_work_from_home_perc_birmingham,7.16240875912409
774,75%_work_from_home_perc_birmingham,8.01916477238124
775,max_work_from_home_perc_birmingham,14.602392681210402
776,count_underground_metro_perc_birmingham,135.0
777,mean_underground_metro_perc_birmingham,0.2995455459222541
778,std_underground_metro_perc_birmingham,0.3922058813196943
779,min_underground_metro_perc_birmingham,0.0
780,25%_underground_metro_perc_birmingham,0.1059840430012995
781,50%_underground_metro_perc_birmingham,0.193298969072165
782,75%_underground_metro_perc_birmingham,0.33938786700371953
783,max_underground_metro_perc_birmingham,2.53093363329584
784,count_train_perc_birmingham,135.0
785,mean_train_perc_birmingham,3.871545844762838
786,std_train_perc_birmingham,3.2681805286870715
787,min_train_perc_birmingham,0.477859190825104
788,25%_train_perc_birmingham,1.70712054430859
789,50%_train_perc_birmingham,2.58010819808573
790,75%_train_perc_birmingham,5.009826975724085
791,max_train_perc_birmingham,18.6277460126392
792,count_bus_perc_birmingham,135.0
793,mean_bus_perc_birmingham,18.03104794885055
794,std_bus_perc_birmingham,5.296073084346585
795,min_bus_perc_birmingham,2.4278676988036603
796,25%_bus_perc_birmingham,14.64913225479135
797,50%_bus_perc_birmingham,18.7076602397082
798,75%_bus_perc_birmingham,21.5890099981454
799,max_bus_perc_birmingham,29.3484757919904
800,count_taxi_perc_birmingham,135.0
801,mean_taxi_perc_birmingham,0.711589925837425
802,std_taxi_perc_birmingham,0.3795490280312063
803,min_taxi_perc_birmingham,0.122579063495955
804,25%_taxi_perc_birmingham,0.473077129782172
805,50%_taxi_perc_birmingham,0.6144107242599139
806,75%_taxi_perc_birmingham,0.8290341859141999
807,max_taxi_perc_birmingham,1.9381443298969099
808,count_motorcycle_perc_birmingham,135.0
809,mean_motorcycle_perc_birmingham,0.475666493944294
810,std_motorcycle_perc_birmingham,0.23774379606563975
811,min_motorcycle_perc_birmingham,0.0824742268041237
812,25%_motorcycle_perc_birmingham,0.298951298915554
813,50%_motorcycle_perc_birmingham,0.46637211585665206
814,75%_motorcycle_perc_birmingham,0.6291140119427856
815,max_motorcycle_perc_birmingham,1.15052732502397
816,count_bicycle_perc_birmingham,135.0
817,mean_bicycle_perc_birmingham,1.5279103955910354
818,std_bicycle_perc_birmingham,0.8481336736978632
819,min_bicycle_perc_birmingham,0.4164738546969
820,25%_bicycle_perc_birmingham,0.9493802955472566
821,50%_bicycle_perc_birmingham,1.3589128697042399
822,75%_bicycle_perc_birmingham,1.77294003291919
823,max_bicycle_perc_birmingham,4.8218029350104805
824,count_on_foot_perc_birmingham,135.0
825,mean_on_foot_perc_birmingham,9.744805440568795
826,std_on_foot_perc_birmingham,6.571211573498083
827,min_on_foot_perc_birmingham,2.14637579169599
828,25%_on_foot_perc_birmingham,6.257206558115125
829,50%_on_foot_perc_birmingham,7.9401611047180705
830,75%_on_foot_perc_birmingham,11.356752025728
831,max_on_foot_perc_birmingham,40.9566940277385
832,count_other_perc_birmingham,135.0
833,mean_other_perc_birmingham,0.49391044807456075
834,std_other_perc_birmingham,0.2828768160691203
835,min_other_perc_birmingham,0.0341763499658237
836,25%_other_perc_birmingham,0.304054366381631
837,50%_other_perc_birmingham,0.399786780383795
838,75%_other_perc_birmingham,0.6074009466449369
839,max_other_perc_birmingham,1.29801324503311
840,count_avg_time_from_origin_car_UNWEIGHTED_birmingham,135.0
841,mean_avg_time_from_origin_car_UNWEIGHTED_birmingham,97.76726982371227
842,std_avg_time_from_origin_car_UNWEIGHTED_birmingham,1.1779158962934082
843,min_avg_time_from_origin_car_UNWEIGHTED_birmingham,95.38402659986829
844,25%_avg_time_from_origin_car_UNWEIGHTED_birmingham,97.05043692628462
845,50%_avg_time_from_origin_car_UNWEIGHTED_birmingham,97.5308433134078
846,75%_avg_time_from_origin_car_UNWEIGHTED_birmingham,98.41453219825405
847,max_avg_time_from_origin_car_UNWEIGHTED_birmingham,101.48105224891701
848,count_avg_time_car_birmingham,135.0
849,mean_avg_time_car_birmingham,9.799881616780922
850,std_avg_time_car_birmingham,1.9047807686161935
851,min_avg_time_car_birmingham,7.42332601675067
852,25%_avg_time_car_birmingham,8.5659686339487
853,50%_avg_time_car_birmingham,9.38671627619295
854,75%_avg_time_car_birmingham,10.4157666323792
855,max_avg_time_car_birmingham,21.466357697065497
856,count_avg_time_from_origin_bus_UNWEIGHTED_birmingham,135.0
857,mean_avg_time_from_origin_bus_UNWEIGHTED_birmingham,243.65938262690517
858,std_avg_time_from_origin_bus_UNWEIGHTED_birmingham,5.067426814522733
859,min_avg_time_from_origin_bus_UNWEIGHTED_birmingham,229.132695412568
860,25%_avg_time_from_origin_bus_UNWEIGHTED_birmingham,239.96185524428597
861,50%_avg_time_from_origin_bus_UNWEIGHTED_birmingham,243.876423985141
862,75%_avg_time_from_origin_bus_UNWEIGHTED_birmingham,246.827469261533
863,max_avg_time_from_origin_bus_UNWEIGHTED_birmingham,258.139642602902
864,count_avg_time_bus_birmingham,135.0
865,mean_avg_time_bus_birmingham,26.615604940600093
866,std_avg_time_bus_birmingham,3.414280622992346
867,min_avg_time_bus_birmingham,19.469131099730802
868,25%_avg_time_bus_birmingham,23.896043407737203
869,50%_avg_time_bus_birmingham,26.535732969050798
870,75%_avg_time_bus_birmingham,28.41488501494305
871,max_avg_time_bus_birmingham,40.5965466854651
872,count_avg_time_from_origin_rail_UNWEIGHTED_birmingham,135.0
873,mean_avg_time_from_origin_rail_UNWEIGHTED_birmingham,120.45838072381731
874,std_avg_time_from_origin_rail_UNWEIGHTED_birmingham,2.894583973884431
875,min_avg_time_from_origin_rail_UNWEIGHTED_birmingham,113.94418875704201
876,25%_avg_time_from_origin_rail_UNWEIGHTED_birmingham,118.2783147778255
877,50%_avg_time_from_origin_rail_UNWEIGHTED_birmingham,120.088243415395
878,75%_avg_time_from_origin_rail_UNWEIGHTED_birmingham,122.52079568499602
879,max_avg_time_from_origin_rail_UNWEIGHTED_birmingham,128.175891254534
880,count_avg_time_rail_birmingham,127.0
881,mean_avg_time_rail_birmingham,39.95236673698024
882,std_avg_time_rail_birmingham,20.78991769392395
883,min_avg_time_rail_birmingham,0.62759286
884,25%_avg_time_rail_birmingham,22.769718869444446
885,50%_avg_time_rail_birmingham,36.956406714285706
886,75%_avg_time_rail_birmingham,53.96420646875001
887,max_avg_time_rail_birmingham,97.88722
888,count_car_perc_birmingham,135.0
889,mean_car_perc_birmingham,57.54457839901997
890,std_car_perc_birmingham,9.701674643854979
891,min_car_perc_birmingham,26.804415510897304
892,25%_car_perc_birmingham,52.4573443508978
893,50%_car_perc_birmingham,59.0207914151576
894,75%_car_perc_birmingham,64.2943488676916
895,max_car_perc_birmingham,74.6268656716418
896,count_is_urban_birmingham,135.0
897,mean_is_urban_birmingham,1.0
898,std_is_urban_birmingham,0.0
899,min_is_urban_birmingham,1.0
900,25%_is_urban_birmingham,1.0
901,50%_is_urban_birmingham,1.0
902,75%_is_urban_birmingham,1.0
903,max_is_urban_birmingham,1.0
904,count_public_transport_birmingham,135.0
905,mean_public_transport_birmingham,22.202139339535638
906,std_public_transport_birmingham,4.777959986844427
907,min_public_transport_birmingham,7.2836030964109755
908,25%_public_transport_birmingham,18.870922241534295
909,50%_public_transport_birmingham,22.41231822070145
910,75%_public_transport_birmingham,25.315049277260727
911,max_public_transport_birmingham,34.02260821615661
912,count_people_power_birmingham,135.0
913,mean_people_power_birmingham,11.27271583615983
914,std_people_power_birmingham,6.724917966894576
915,min_people_power_birmingham,3.48346235045743
916,25%_people_power_birmingham,7.63257721833291
917,50%_people_power_birmingham,9.55196017423771
918,75%_people_power_birmingham,12.42982830334271
919,max_people_power_birmingham,42.14548542315316
920,count_Bus_stops_liverpool,72.0
921,mean_Bus_stops_liverpool,29.694444444444443
922,std_Bus_stops_liverpool,15.006701684969249
923,min_Bus_stops_liverpool,10.0
924,25%_Bus_stops_liverpool,19.75
925,50%_Bus_stops_liverpool,26.0
926,75%_Bus_stops_liverpool,35.25
927,max_Bus_stops_liverpool,82.0
928,count_Train_stations_liverpool,72.0
929,mean_Train_stations_liverpool,0.3888888888888889
930,std_Train_stations_liverpool,0.7792295862220697
931,min_Train_stations_liverpool,0.0
932,25%_Train_stations_liverpool,0.0
933,50%_Train_stations_liverpool,0.0
934,75%_Train_stations_liverpool,1.0
935,max_Train_stations_liverpool,4.0
936,count_metro_stations_liverpool,72.0
937,mean_metro_stations_liverpool,0.0
938,std_metro_stations_liverpool,0.0
939,min_metro_stations_liverpool,0.0
940,25%_metro_stations_liverpool,0.0
941,50%_metro_stations_liverpool,0.0
942,75%_metro_stations_liverpool,0.0
943,max_metro_stations_liverpool,0.0
944,count_HH_owning_cars_perc_liverpool,72.0
945,mean_HH_owning_cars_perc_liverpool,56.42181997520088
946,std_HH_owning_cars_perc_liverpool,16.59577490575518
947,min_HH_owning_cars_perc_liverpool,26.8041237113402
948,25%_HH_owning_cars_perc_liverpool,44.99516754094347
949,50%_HH_owning_cars_perc_liverpool,54.428300458342555
950,75%_HH_owning_cars_perc_liverpool,66.10480350903919
951,max_HH_owning_cars_perc_liverpool,90.79086115992969
952,count_work_from_home_perc_liverpool,72.0
953,mean_work_from_home_perc_liverpool,6.121872301549846
954,std_work_from_home_perc_liverpool,1.775424285254399
955,min_work_from_home_perc_liverpool,3.34065934065934
956,25%_work_from_home_perc_liverpool,4.880886821312675
957,50%_work_from_home_perc_liverpool,5.704103226923225
958,75%_work_from_home_perc_liverpool,6.8414356268218794
959,max_work_from_home_perc_liverpool,12.4290732234531
960,count_underground_metro_perc_liverpool,72.0
961,mean_underground_metro_perc_liverpool,0.48671890090439224
962,std_underground_metro_perc_liverpool,0.4736956032415521
963,min_underground_metro_perc_liverpool,0.0
964,25%_underground_metro_perc_liverpool,0.1840178816345145
965,50%_underground_metro_perc_liverpool,0.35962177875814505
966,75%_underground_metro_perc_liverpool,0.571616913080328
967,max_underground_metro_perc_liverpool,2.3357289527720697
968,count_train_perc_liverpool,72.0
969,mean_train_perc_liverpool,4.732878421897741
970,std_train_perc_liverpool,3.1700086602326185
971,min_train_perc_liverpool,1.0657193605683801
972,25%_train_perc_liverpool,1.9116928107587174
973,50%_train_perc_liverpool,3.98811303936285
974,75%_train_perc_liverpool,6.991497622576265
975,max_train_perc_liverpool,14.1699410609037
976,count_bus_perc_liverpool,72.0
977,mean_bus_perc_liverpool,18.948007618958385
978,std_bus_perc_liverpool,7.746058354298306
979,min_bus_perc_liverpool,4.930156121610519
980,25%_bus_perc_liverpool,12.54945729642665
981,50%_bus_perc_liverpool,18.712977219652203
982,75%_bus_perc_liverpool,25.16171556489445
983,max_bus_perc_liverpool,32.2409798080106
984,count_taxi_perc_liverpool,72.0
985,mean_taxi_perc_liverpool,1.3903222309892471
986,std_taxi_perc_liverpool,0.5256396017770056
987,min_taxi_perc_liverpool,0.297216968386922
988,25%_taxi_perc_liverpool,1.016708339831134
989,50%_taxi_perc_liverpool,1.3633821952247698
990,75%_taxi_perc_liverpool,1.79430846280923
991,max_taxi_perc_liverpool,2.7264325323475
992,count_motorcycle_perc_liverpool,72.0
993,mean_motorcycle_perc_liverpool,0.3956454267557335
994,std_motorcycle_perc_liverpool,0.13893083882107804
995,min_motorcycle_perc_liverpool,0.0524383848977451
996,25%_motorcycle_perc_liverpool,0.31714878196023977
997,50%_motorcycle_perc_liverpool,0.41309187520346147
998,75%_motorcycle_perc_liverpool,0.4838502127706427
999,max_motorcycle_perc_liverpool,0.804634695848085
1000,count_bicycle_perc_liverpool,72.0
1001,mean_bicycle_perc_liverpool,1.8909160155774396
1002,std_bicycle_perc_liverpool,0.8649654872792988
1003,min_bicycle_perc_liverpool,0.756756756756757
1004,25%_bicycle_perc_liverpool,1.327942575456195
1005,50%_bicycle_perc_liverpool,1.66443295422166
1006,75%_bicycle_perc_liverpool,2.220496959071875
1007,max_bicycle_perc_liverpool,6.48298217179903
1008,count_on_foot_perc_liverpool,72.0
1009,mean_on_foot_perc_liverpool,11.634056792329515
1010,std_on_foot_perc_liverpool,8.569518934355221
1011,min_on_foot_perc_liverpool,2.38873522755846
1012,25%_on_foot_perc_liverpool,6.273138021384586
1013,50%_on_foot_perc_liverpool,9.465405334706656
1014,75%_on_foot_perc_liverpool,12.61332623882185
1015,max_on_foot_perc_liverpool,47.1037388098999
1016,count_other_perc_liverpool,72.0
1017,mean_other_perc_liverpool,0.6024805183873689
1018,std_other_perc_liverpool,0.16788977872823854
1019,min_other_perc_liverpool,0.36246476037052006
1020,25%_other_perc_liverpool,0.483486992262598
1021,50%_other_perc_liverpool,0.55838645954925
1022,75%_other_perc_liverpool,0.7294173087204233
1023,max_other_perc_liverpool,1.06822880771881
1024,count_avg_time_from_origin_car_UNWEIGHTED_liverpool,72.0
1025,mean_avg_time_from_origin_car_UNWEIGHTED_liverpool,135.17583033245197
1026,std_avg_time_from_origin_car_UNWEIGHTED_liverpool,1.4609647976827513
1027,min_avg_time_from_origin_car_UNWEIGHTED_liverpool,130.946354340744
1028,25%_avg_time_from_origin_car_UNWEIGHTED_liverpool,134.304400536681
1029,50%_avg_time_from_origin_car_UNWEIGHTED_liverpool,135.5372739288025
1030,75%_avg_time_from_origin_car_UNWEIGHTED_liverpool,136.253835299829
1031,max_avg_time_from_origin_car_UNWEIGHTED_liverpool,137.384140341223
1032,count_avg_time_car_liverpool,72.0
1033,mean_avg_time_car_liverpool,10.559275520063126
1034,std_avg_time_car_liverpool,2.0571487675897355
1035,min_avg_time_car_liverpool,7.6466553555819905
1036,25%_avg_time_car_liverpool,9.479943055954514
1037,50%_avg_time_car_liverpool,10.0399399842089
1038,75%_avg_time_car_liverpool,11.040615994092398
1039,max_avg_time_car_liverpool,21.6243819753721
1040,count_avg_time_from_origin_bus_UNWEIGHTED_liverpool,72.0
1041,mean_avg_time_from_origin_bus_UNWEIGHTED_liverpool,331.8211965160801
1042,std_avg_time_from_origin_bus_UNWEIGHTED_liverpool,5.578120017854975
1043,min_avg_time_from_origin_bus_UNWEIGHTED_liverpool,318.812678345508
1044,25%_avg_time_from_origin_bus_UNWEIGHTED_liverpool,327.89934980083626
1045,50%_avg_time_from_origin_bus_UNWEIGHTED_liverpool,331.6903183573735
1046,75%_avg_time_from_origin_bus_UNWEIGHTED_liverpool,335.7107430954758
1047,max_avg_time_from_origin_bus_UNWEIGHTED_liverpool,343.668771299346
1048,count_avg_time_bus_liverpool,72.0
1049,mean_avg_time_bus_liverpool,26.191566313464346
1050,std_avg_time_bus_liverpool,3.977923722282381
1051,min_avg_time_bus_liverpool,20.3922189260982
1052,25%_avg_time_bus_liverpool,23.0627140496135
1053,50%_avg_time_bus_liverpool,25.9792574915759
1054,75%_avg_time_bus_liverpool,28.497251518228097
1055,max_avg_time_bus_liverpool,42.4362912931034
1056,count_avg_time_from_origin_rail_UNWEIGHTED_liverpool,72.0
1057,mean_avg_time_from_origin_rail_UNWEIGHTED_liverpool,150.2649041353904
1058,std_avg_time_from_origin_rail_UNWEIGHTED_liverpool,2.9811121924074975
1059,min_avg_time_from_origin_rail_UNWEIGHTED_liverpool,143.294681387037
1060,25%_avg_time_from_origin_rail_UNWEIGHTED_liverpool,148.25456978358724
1061,50%_avg_time_from_origin_rail_UNWEIGHTED_liverpool,150.12033389055
1062,75%_avg_time_from_origin_rail_UNWEIGHTED_liverpool,152.12043163286825
1063,max_avg_time_from_origin_rail_UNWEIGHTED_liverpool,157.200067099424
1064,count_avg_time_rail_liverpool,70.0
1065,mean_avg_time_rail_liverpool,34.42394376428531
1066,std_avg_time_rail_liverpool,29.598686812435545
1067,min_avg_time_rail_liverpool,6.1274649863636395
1068,25%_avg_time_rail_liverpool,15.865690249999977
1069,50%_avg_time_rail_liverpool,21.92738495753965
1070,75%_avg_time_rail_liverpool,44.567307087500026
1071,max_avg_time_rail_liverpool,171.94158000000002
1072,count_car_perc_liverpool,72.0
1073,mean_car_perc_liverpool,53.797101772650336
1074,std_car_perc_liverpool,11.590301700223678
1075,min_car_perc_liverpool,22.538177988414997
1076,25%_car_perc_liverpool,46.61000817868482
1077,50%_car_perc_liverpool,55.190038042776095
1078,75%_car_perc_liverpool,62.12328498528168
1079,max_car_perc_liverpool,75.23966036702271
1080,count_is_urban_liverpool,72.0
1081,mean_is_urban_liverpool,1.0
1082,std_is_urban_liverpool,0.0
1083,min_is_urban_liverpool,1.0
1084,25%_is_urban_liverpool,1.0
1085,50%_is_urban_liverpool,1.0
1086,75%_is_urban_liverpool,1.0
1087,max_is_urban_liverpool,1.0
1088,count_public_transport_liverpool,72.0
1089,mean_public_transport_liverpool,24.167604941760516
1090,std_public_transport_liverpool,6.603351278076521
1091,min_public_transport_liverpool,9.093399068748287
1092,25%_public_transport_liverpool,18.771349637088875
1093,50%_public_transport_liverpool,24.39516945034829
1094,75%_public_transport_liverpool,28.310208158182498
1095,max_public_transport_liverpool,36.9873046875
1096,count_people_power_liverpool,72.0
1097,mean_people_power_liverpool,13.524972807906959
1098,std_people_power_liverpool,8.644818349764414
1099,min_people_power_liverpool,3.268795574553683
1100,25%_people_power_liverpool,7.937879608363899
1101,50%_people_power_liverpool,11.898917852106432
1102,75%_people_power_liverpool,14.436462324393341
1103,max_people_power_liverpool,48.051606108478104
1104,count_Bus_stops_blackpool,19.0
1105,mean_Bus_stops_blackpool,42.421052631578945
1106,std_Bus_stops_blackpool,15.858106197265254
1107,min_Bus_stops_blackpool,17.0
1108,25%_Bus_stops_blackpool,30.0
1109,50%_Bus_stops_blackpool,45.0
1110,75%_Bus_stops_blackpool,54.0
1111,max_Bus_stops_blackpool,70.0
1112,count_Train_stations_blackpool,19.0
1113,mean_Train_stations_blackpool,0.21052631578947367
1114,std_Train_stations_blackpool,0.41885390829169555
1115,min_Train_stations_blackpool,0.0
1116,25%_Train_stations_blackpool,0.0
1117,50%_Train_stations_blackpool,0.0
1118,75%_Train_stations_blackpool,0.0
1119,max_Train_stations_blackpool,1.0
1120,count_metro_stations_blackpool,19.0
1121,mean_metro_stations_blackpool,2.1578947368421053
1122,std_metro_stations_blackpool,3.1138250485132493
1123,min_metro_stations_blackpool,0.0
1124,25%_metro_stations_blackpool,0.0
1125,50%_metro_stations_blackpool,0.0
1126,75%_metro_stations_blackpool,4.0
1127,max_metro_stations_blackpool,9.0
1128,count_HH_owning_cars_perc_blackpool,19.0
1129,mean_HH_owning_cars_perc_blackpool,62.486502435257705
1130,std_HH_owning_cars_perc_blackpool,14.73622116518276
1131,min_HH_owning_cars_perc_blackpool,36.1324659964518
1132,25%_HH_owning_cars_perc_blackpool,51.435261418444696
1133,50%_HH_owning_cars_perc_blackpool,68.4897959183673
1134,75%_HH_owning_cars_perc_blackpool,74.1751407359493
1135,max_HH_owning_cars_perc_blackpool,78.7257617728532
1136,count_work_from_home_perc_blackpool,19.0
1137,mean_work_from_home_perc_blackpool,10.491479025454906
1138,std_work_from_home_perc_blackpool,6.699507807018965
1139,min_work_from_home_perc_blackpool,5.59782608695652
1140,25%_work_from_home_perc_blackpool,6.838724368751061
1141,50%_work_from_home_perc_blackpool,7.883165829145731
1142,75%_work_from_home_perc_blackpool,9.518021071911145
1143,max_work_from_home_perc_blackpool,29.0386130811663
1144,count_underground_metro_perc_blackpool,19.0
1145,mean_underground_metro_perc_blackpool,0.06471076813425167
1146,std_underground_metro_perc_blackpool,0.055815602013860335
1147,min_underground_metro_perc_blackpool,0.0
1148,25%_underground_metro_perc_blackpool,0.0288708237097254
1149,50%_underground_metro_perc_blackpool,0.0394011032308905
1150,75%_underground_metro_perc_blackpool,0.1088734531316675
1151,max_underground_metro_perc_blackpool,0.187115744453355
1152,count_train_perc_blackpool,19.0
1153,mean_train_perc_blackpool,0.8354228870249142
1154,std_train_perc_blackpool,0.26321489302583495
1155,min_train_perc_blackpool,0.347500668270516
1156,25%_train_perc_blackpool,0.6454067736870774
1157,50%_train_perc_blackpool,0.882887561672293
1158,75%_train_perc_blackpool,1.0216951898535085
1159,max_train_perc_blackpool,1.2982576016399
1160,count_bus_perc_blackpool,19.0
1161,mean_bus_perc_blackpool,8.819560889533577
1162,std_bus_perc_blackpool,2.878801871501799
1163,min_bus_perc_blackpool,5.0495049504950495
1164,25%_bus_perc_blackpool,7.5091764930413305
1165,50%_bus_perc_blackpool,8.18159141930656
1166,75%_bus_perc_blackpool,9.943107121230156
1167,max_bus_perc_blackpool,17.1195652173913
1168,count_taxi_perc_blackpool,19.0
1169,mean_taxi_perc_blackpool,0.9317896651171004
1170,std_taxi_perc_blackpool,0.223578672669686
1171,min_taxi_perc_blackpool,0.614808874632451
1172,25%_taxi_perc_blackpool,0.7893638167127155
1173,50%_taxi_perc_blackpool,0.873035669743078
1174,75%_taxi_perc_blackpool,1.10978264436488
1175,max_taxi_perc_blackpool,1.33663366336634
1176,count_motorcycle_perc_blackpool,19.0
1177,mean_motorcycle_perc_blackpool,0.9102413976817347
1178,std_motorcycle_perc_blackpool,0.3000059053023089
1179,min_motorcycle_perc_blackpool,0.539374325782093
1180,25%_motorcycle_perc_blackpool,0.7110196800629716
1181,50%_motorcycle_perc_blackpool,0.8415841584158421
1182,75%_motorcycle_perc_blackpool,0.9394091217051785
1183,max_motorcycle_perc_blackpool,1.5240328253223898
1184,count_bicycle_perc_blackpool,19.0
1185,mean_bicycle_perc_blackpool,3.147410428419932
1186,std_bicycle_perc_blackpool,0.6086127769541537
1187,min_bicycle_perc_blackpool,2.46568378240976
1188,25%_bicycle_perc_blackpool,2.61557634512297
1189,50%_bicycle_perc_blackpool,2.96027005972475
1190,75%_bicycle_perc_blackpool,3.54533082077052
1191,max_bicycle_perc_blackpool,4.601406799531071
1192,count_on_foot_perc_blackpool,19.0
1193,mean_on_foot_perc_blackpool,14.65063051319925
1194,std_on_foot_perc_blackpool,5.57323877216607
1195,min_on_foot_perc_blackpool,7.51136059877038
1196,25%_on_foot_perc_blackpool,10.331832528536815
1197,50%_on_foot_perc_blackpool,12.6409292791254
1198,75%_on_foot_perc_blackpool,18.67752301052185
1199,max_on_foot_perc_blackpool,26.417752729834397
1200,count_other_perc_blackpool,19.0
1201,mean_other_perc_blackpool,0.6404526255799982
1202,std_other_perc_blackpool,0.14980566072302706
1203,min_other_perc_blackpool,0.351699882766706
1204,25%_other_perc_blackpool,0.5430045527099735
1205,50%_other_perc_blackpool,0.625533124822292
1206,75%_other_perc_blackpool,0.7507570666787171
1207,max_other_perc_blackpool,0.9158154279675941
1208,count_avg_time_from_origin_car_UNWEIGHTED_blackpool,19.0
1209,mean_avg_time_from_origin_car_UNWEIGHTED_blackpool,155.67909438565061
1210,std_avg_time_from_origin_car_UNWEIGHTED_blackpool,1.3556654904242302
1211,min_avg_time_from_origin_car_UNWEIGHTED_blackpool,152.94291900388902
1212,25%_avg_time_from_origin_car_UNWEIGHTED_blackpool,154.883330873796
1213,50%_avg_time_from_origin_car_UNWEIGHTED_blackpool,155.48299767906602
1214,75%_avg_time_from_origin_car_UNWEIGHTED_blackpool,156.471093083102
1215,max_avg_time_from_origin_car_UNWEIGHTED_blackpool,158.51874176812902
1216,count_avg_time_car_blackpool,19.0
1217,mean_avg_time_car_blackpool,9.330350765650111
1218,std_avg_time_car_blackpool,0.9342287905555736
1219,min_avg_time_car_blackpool,7.8204907295085295
1220,25%_avg_time_car_blackpool,8.66177013963814
1221,50%_avg_time_car_blackpool,9.39671598259925
1222,75%_avg_time_car_blackpool,9.9805741799952
1223,max_avg_time_car_blackpool,10.8286742287116
1224,count_avg_time_from_origin_bus_UNWEIGHTED_blackpool,19.0
1225,mean_avg_time_from_origin_bus_UNWEIGHTED_blackpool,382.7987569415098
1226,std_avg_time_from_origin_bus_UNWEIGHTED_blackpool,4.61409809466761
1227,min_avg_time_from_origin_bus_UNWEIGHTED_blackpool,375.171318450895
1228,25%_avg_time_from_origin_bus_UNWEIGHTED_blackpool,380.228084797799
1229,50%_avg_time_from_origin_bus_UNWEIGHTED_blackpool,382.422458107943
1230,75%_avg_time_from_origin_bus_UNWEIGHTED_blackpool,385.326735192251
1231,max_avg_time_from_origin_bus_UNWEIGHTED_blackpool,391.144638887155
1232,count_avg_time_bus_blackpool,19.0
1233,mean_avg_time_bus_blackpool,24.978138382893636
1234,std_avg_time_bus_blackpool,4.0104340197085735
1235,min_avg_time_bus_blackpool,19.2465607497093
1236,25%_avg_time_bus_blackpool,22.3544477575819
1237,50%_avg_time_bus_blackpool,23.4556636879699
1238,75%_avg_time_bus_blackpool,26.551755360707702
1239,max_avg_time_bus_blackpool,34.6256579666667
1240,count_avg_time_from_origin_rail_UNWEIGHTED_blackpool,19.0
1241,mean_avg_time_from_origin_rail_UNWEIGHTED_blackpool,183.72304958618963
1242,std_avg_time_from_origin_rail_UNWEIGHTED_blackpool,3.456415230235768
1243,min_avg_time_from_origin_rail_UNWEIGHTED_blackpool,179.457169178816
1244,25%_avg_time_from_origin_rail_UNWEIGHTED_blackpool,181.6877952171355
1245,50%_avg_time_from_origin_rail_UNWEIGHTED_blackpool,182.601005265601
1246,75%_avg_time_from_origin_rail_UNWEIGHTED_blackpool,184.68161405399852
1247,max_avg_time_from_origin_rail_UNWEIGHTED_blackpool,193.76740692033798
1248,count_avg_time_rail_blackpool,14.0
1249,mean_avg_time_rail_blackpool,85.3143896029762
1250,std_avg_time_rail_blackpool,68.52997209883581
1251,min_avg_time_rail_blackpool,1.1822046
1252,25%_avg_time_rail_blackpool,22.441976875
1253,50%_avg_time_rail_blackpool,91.9439616375
1254,75%_avg_time_rail_blackpool,143.67017725
1255,max_avg_time_rail_blackpool,179.35076999999998
1256,count_car_perc_blackpool,19.0
1257,mean_car_perc_blackpool,59.50830179985433
1258,std_car_perc_blackpool,11.985136272747956
1259,min_car_perc_blackpool,33.3568157802043
1260,25%_car_perc_blackpool,54.3536978370111
1261,50%_car_perc_blackpool,65.1424992170373
1262,75%_car_perc_blackpool,67.8163962812143
1263,max_car_perc_blackpool,71.8791766907244
1264,count_is_urban_blackpool,19.0
1265,mean_is_urban_blackpool,1.0
1266,std_is_urban_blackpool,0.0
1267,min_is_urban_blackpool,1.0
1268,25%_is_urban_blackpool,1.0
1269,50%_is_urban_blackpool,1.0
1270,75%_is_urban_blackpool,1.0
1271,max_is_urban_blackpool,1.0
1272,count_public_transport_blackpool,19.0
1273,mean_public_transport_blackpool,9.719694544692747
1274,std_public_transport_blackpool,2.943369166386059
1275,min_public_transport_blackpool,5.792079207920793
1276,25%_public_transport_blackpool,8.39590157775902
1277,50%_public_transport_blackpool,9.036613866528175
1278,75%_public_transport_blackpool,10.675916420459721
1279,max_public_transport_blackpool,17.989130434782606
1280,count_people_power_blackpool,19.0
1281,mean_people_power_blackpool,17.79804094161919
1282,std_people_power_blackpool,5.6757057660218875
1283,min_people_power_blackpool,10.34482758620689
1284,25%_people_power_blackpool,13.33483518411719
1285,50%_people_power_blackpool,16.07638888888887
1286,75%_people_power_blackpool,21.21622206088645
1287,max_people_power_blackpool,29.270870024656517
